{"age": [18, 64], "bmi": [15.96, 47.52], "heart rate": [39.32142857, 129.125], "Creatinine": [0.266666667, 3.311111111], "glucose": [69.1, 252.0]}